[
  {
    "id": "f73f4574-e644-4d74-9337-f8144118a389",
    "data": [
      {
        "text": "what are the most popular ",
        "userDefined": false
      },
      {
        "text": "category",
        "alias": "Category",
        "meta": "@popular_category",
        "userDefined": true
      },
      {
        "text": "?",
        "userDefined": false
      }
    ],
    "isTemplate": false,
    "count": 0,
    "updated": 0
  },
  {
    "id": "62b8743d-6223-429c-b28d-a90429559990",
    "data": [
      {
        "text": "category",
        "alias": "Category",
        "meta": "@popular_category",
        "userDefined": true
      }
    ],
    "isTemplate": false,
    "count": 0,
    "updated": 0
  },
  {
    "id": "48084064-4dd8-40f7-ae1d-747b6c3dca8b",
    "data": [
      {
        "text": "What are the current trends in ",
        "userDefined": false
      },
      {
        "text": "category",
        "alias": "Category",
        "meta": "@popular_category",
        "userDefined": true
      },
      {
        "text": "?",
        "userDefined": false
      }
    ],
    "isTemplate": false,
    "count": 0,
    "updated": 0
  },
  {
    "id": "ed12d6e8-0ffb-4234-8b75-885035dcd0b8",
    "data": [
      {
        "text": "What are the current trends?",
        "userDefined": false
      }
    ],
    "isTemplate": false,
    "count": 0,
    "updated": 0
  },
  {
    "id": "6cf3925a-e6f8-4332-b8db-7ec8af2e33ce",
    "data": [
      {
        "text": "What\u0027s trending?",
        "userDefined": false
      }
    ],
    "isTemplate": false,
    "count": 0,
    "updated": 0
  },
  {
    "id": "4f314342-9002-4b25-a95f-13fb683d202d",
    "data": [
      {
        "text": "What is in?",
        "userDefined": false
      }
    ],
    "isTemplate": false,
    "count": 0,
    "updated": 0
  },
  {
    "id": "3448251d-665f-4bcb-987c-b209b687fc0b",
    "data": [
      {
        "text": "What is trending right now?",
        "userDefined": false
      }
    ],
    "isTemplate": false,
    "count": 0,
    "updated": 0
  }
]