[
  {
    "value": "nice sports shoes",
    "synonyms": [
      "nice sports shoes",
      "sport shoes",
      "sports shoe",
      "sports"
    ]
  },
  {
    "value": "classy stilletos",
    "synonyms": [
      "classy stilletos",
      "stilletos"
    ]
  },
  {
    "value": "fancy straw hat",
    "synonyms": [
      "fancy straw hat",
      "fancy hat",
      "straw hat"
    ]
  },
  {
    "value": "cowboy hat",
    "synonyms": [
      "cowboy hat",
      "cowboy"
    ]
  },
  {
    "value": "plain t-shirt",
    "synonyms": [
      "plain t-shirt",
      "t-shirt",
      "plain",
      "tshirt"
    ]
  },
  {
    "value": "plaid shirt",
    "synonyms": [
      "plaid shirt",
      "plaid",
      "shirt"
    ]
  }
]